name,url,description,provider_type,relevance_score,akasha_priority_score,akasha_lane,category,subcategory,source,tags,rank_score,akasha_status
Sunrise and Sunset,https://sunrise-sunset.org/api,discovered by atlas harvester,api,0.7,1.51,time_nexus,Web Tools,API,raw markdown: https://raw.githubusercontent.com/public-apis/public-apis/master/README.md,,51,candidate
PVWatts,https://developer.nrel.gov/docs/solar/pvwatts/v6/,discovered by atlas harvester,astronomy_api,0.75,1.33,time_nexus,Web Tools,API,raw markdown: https://raw.githubusercontent.com/public-apis/public-apis/master/README.md,,51,candidate
davidtakac/bura,https://github.com/davidtakac/bura,Modern weather app with graphs and thoughtful data visualization,environmental_api,0.85,1.3,time_nexus,Android,Apps,github api: fdroid android app,"github,github_api,android,compose,fdroid,libre,material3,open-meteo,prognoza,weather",100,candidate
weather-api,https://github.com/robertoduessmann/weather-api,discovered by atlas harvester,environmental_api,0.83,1.28,time_nexus,Web Tools,API,raw markdown: https://raw.githubusercontent.com/public-apis/public-apis/master/README.md,"github,api",82,candidate
Clima,https://f-droid.org/packages/co.prestosole.clima/,"Beautiful, minimal, and fast weather app",environmental_api,0.8,1.25,time_nexus,Android,Apps,fdroid catalog,"fdroid,fdroid_catalog,android",100,candidate
DigitalOcean Seeks $800M in Funding,https://www.datacenterdynamics.com/en/news/digitalocean-seeks-800m-in-funding/,discovered by atlas harvester,marine_api,0.76,1.25,time_nexus,Datasets,harvested,hackernews,hackernews,60,candidate
DigitalOcean Status,https://status.digitalocean.com/api,discovered by atlas harvester,marine_api,0.75,1.24,time_nexus,Web Tools,API,raw markdown: https://raw.githubusercontent.com/public-apis/public-apis/master/README.md,,51,candidate
Ocean Facts,https://oceanfacts.herokuapp.com/,discovered by atlas harvester,marine_api,0.75,1.24,time_nexus,Web Tools,API,raw markdown: https://raw.githubusercontent.com/public-apis/public-apis/master/README.md,,51,candidate
WeatherAPI,https://www.weatherapi.com/,discovered by atlas harvester,environmental_api,0.76,1.21,time_nexus,Web Tools,API,raw markdown: https://raw.githubusercontent.com/public-apis/public-apis/master/README.md,api,56,candidate
AccuWeather,https://developer.accuweather.com/apis,discovered by atlas harvester,environmental_api,0.75,1.2,time_nexus,Web Tools,API,raw markdown: https://raw.githubusercontent.com/public-apis/public-apis/master/README.md,,51,candidate
AviationWeather,https://www.aviationweather.gov/dataserver,discovered by atlas harvester,environmental_api,0.75,1.2,time_nexus,Datasets,API,raw markdown: https://raw.githubusercontent.com/public-apis/public-apis/master/README.md,,51,candidate
ColorfulClouds,https://open.caiyunapp.com/ColorfulClouds_Weather_API,discovered by atlas harvester,environmental_api,0.75,1.2,time_nexus,AI,API,raw markdown: https://raw.githubusercontent.com/public-apis/public-apis/master/README.md,,53,candidate
HG Weather,https://hgbrasil.com/status/weather,discovered by atlas harvester,environmental_api,0.75,1.2,time_nexus,Web Tools,API,raw markdown: https://raw.githubusercontent.com/public-apis/public-apis/master/README.md,,51,candidate
MetaWeather,https://www.metaweather.com/api/,discovered by atlas harvester,environmental_api,0.75,1.2,time_nexus,Web Tools,API,raw markdown: https://raw.githubusercontent.com/public-apis/public-apis/master/README.md,,51,candidate
Meteorologisk Institutt,https://api.met.no/weatherapi/documentation,discovered by atlas harvester,environmental_api,0.75,1.2,time_nexus,Web Tools,API,raw markdown: https://raw.githubusercontent.com/public-apis/public-apis/master/README.md,,51,candidate
Micro Weather,https://m3o.com/weather/api,discovered by atlas harvester,environmental_api,0.75,1.2,time_nexus,Web Tools,API,raw markdown: https://raw.githubusercontent.com/public-apis/public-apis/master/README.md,,51,candidate
OpenWeatherMap,https://openweathermap.org/api,discovered by atlas harvester,environmental_api,0.75,1.2,time_nexus,Web Tools,API,raw markdown: https://raw.githubusercontent.com/public-apis/public-apis/master/README.md,,51,candidate
QWeather,https://dev.qweather.com/en/,discovered by atlas harvester,environmental_api,0.75,1.2,time_nexus,Web Tools,API,raw markdown: https://raw.githubusercontent.com/public-apis/public-apis/master/README.md,,51,candidate
US Weather,https://www.weather.gov/documentation/services-web-api,discovered by atlas harvester,environmental_api,0.75,1.2,time_nexus,Web Tools,API,raw markdown: https://raw.githubusercontent.com/public-apis/public-apis/master/README.md,,51,candidate
Visual Crossing,https://www.visualcrossing.com/weather-api,discovered by atlas harvester,environmental_api,0.75,1.2,time_nexus,Web Tools,API,raw markdown: https://raw.githubusercontent.com/public-apis/public-apis/master/README.md,,51,candidate
Weatherbit,https://www.weatherbit.io/api,discovered by atlas harvester,environmental_api,0.75,1.2,time_nexus,Web Tools,API,raw markdown: https://raw.githubusercontent.com/public-apis/public-apis/master/README.md,,51,candidate
Weatherstack,https://weatherstack.com/?utm_source=Github&utm_medium=Referral&utm_campaign=Public-apis-repo-Best-sellers,discovered by atlas harvester,environmental_api,0.75,1.2,time_nexus,AI,API,raw markdown: https://raw.githubusercontent.com/public-apis/public-apis/master/README.md,,53,candidate
Yandex.Weather,https://yandex.com/dev/weather/,discovered by atlas harvester,environmental_api,0.75,1.2,time_nexus,Web Tools,API,raw markdown: https://raw.githubusercontent.com/public-apis/public-apis/master/README.md,,51,candidate
LibreShift/red-moon,https://github.com/LibreShift/red-moon,Android screen filter app for night time phone use.,api,0.6,1.03,time_nexus,Android,Apps,github api: fdroid android app,"github,github_api,android,android-application,fdroid,gpl,gplv3,kotlin,night,night-mode",100,candidate
MidniteSolar Classic Monitor,https://f-droid.org/packages/ca.farrelltonsolar.classic/,View solar charging device status,astronomy_api,0.35,0.93,time_nexus,Android,Apps,fdroid catalog,"fdroid,fdroid_catalog,android",100,candidate
Octal Sun Time,https://f-droid.org/packages/at.manuelbichler.octalsuntime/,A clock for solar time in the octal number system,astronomy_api,0.35,0.93,time_nexus,Android,Apps,fdroid catalog,"fdroid,fdroid_catalog,android",100,candidate
Solar Compass,https://f-droid.org/packages/com.agnibho.android.solarcompass/,Find directions using the position of the sun,astronomy_api,0.35,0.93,time_nexus,Android,Apps,fdroid catalog,"fdroid,fdroid_catalog,android",100,candidate
Weather Forecast USA,https://f-droid.org/packages/biz.binarysolutions.weatherusa/,"7-day forecast; weather watches, warnings and advisories for any location in US",environmental_api,0.35,0.8,time_nexus,Android,Apps,fdroid catalog,"fdroid,fdroid_catalog,android",100,candidate
Weather Overview,https://f-droid.org/packages/app.weatheroverview/,Check current and hourly weather (data provided by wttr.in),environmental_api,0.35,0.8,time_nexus,Android,Apps,fdroid catalog,"fdroid,fdroid_catalog,android",100,candidate
USGS Earthquake Hazards Program,https://earthquake.usgs.gov/fdsnws/event/1/,discovered by atlas harvester,geophysical_api,0.95,1.69,events,Web Tools,API,raw markdown: https://raw.githubusercontent.com/public-apis/public-apis/master/README.md,,51,candidate
Climate Change,https://datahub.io/collections/climate-change,discovered by atlas harvester,api,0.76,1.09,events,Datasets,Data,raw markdown: https://raw.githubusercontent.com/datasets/awesome-data/master/README.md,awesome_list,64,candidate
Scientists have found an alarming environmental impact of data centers,https://www.cnn.com/2026/03/30/climate/data-centers-are-having-an-underrported,discovered by atlas harvester,api,0.76,1.09,events,Datasets,harvested,hackernews,"hackernews,data",60,candidate
Storm Glass,https://stormglass.io/,discovered by atlas harvester,environmental_api,0.75,1.08,events,Web Tools,API,raw markdown: https://raw.githubusercontent.com/public-apis/public-apis/master/README.md,,51,candidate
ericzakariasson/duster,https://github.com/ericzakariasson/duster,A developer-focused CLI tool to clean up unused files and free disk space,astronomy_api,0.84,1.28,apis,Web Tools,API,github api: free developer tools,"github,github_api",90,candidate
SpaceX,https://github.com/r-spacex/SpaceX-API,discovered by atlas harvester,astronomy_api,0.83,1.27,apis,Web Tools,API,raw markdown: https://raw.githubusercontent.com/public-apis/public-apis/master/README.md,github,82,candidate
theel0ja/foss-android,https://github.com/theel0ja/foss-android,List of free and open-source alternatives to proprietary Android apps.,geospatial_api,0.85,1.26,apis,Android,Apps,github api: fdroid android app,"github,android,github_api,fdroid,foss,lineageos,open-source",100,candidate
GSAK for Locus,https://f-droid.org/packages/ch.bubendorf.locusaddon.gsakdatabase/,Add-on for Locus map to import geocaches from GSAK databases,geospatial_api,0.8,1.21,apis,Datasets,Apps,fdroid catalog,"fdroid,fdroid_catalog,android",100,candidate
SpaceTradersAPI,https://spacetraders.io?rel=pub-apis,discovered by atlas harvester,astronomy_api,0.76,1.2,apis,Web Tools,API,raw markdown: https://raw.githubusercontent.com/public-apis/public-apis/master/README.md,api,56,candidate
"<img src=""https://run.pstmn.io/button.svg"" alt=""Run In Postman"" style=""width: 128px; height: 32px;"">",https://god.gw.postman.com/run-collection/10131015-55145132-244c-448c-8e6f-8780866e4862?action=collection%2Ffork&source=rip_markdown&collection-url=entityId%3D10131015-55145132-244c-448c-8e6f-8780866e4862%26entityType%3Dcollection%26workspaceId%3D2b7498b6-6d91-4fa8-817f-608441fe42a8,discovered by atlas harvester,astronomy_api,0.75,1.19,apis,Web Tools,API,raw markdown: https://raw.githubusercontent.com/public-apis/public-apis/master/README.md,,51,candidate
"<img src=""https://run.pstmn.io/button.svg"" alt=""Run In Postman"" style=""width: 128px; height: 32px;"">",https://god.gw.postman.com/run-collection/10131015-9cbac391-3611-4f50-9bfd-d24ae41c97c1?action=collection%2Ffork&source=rip_markdown&collection-url=entityId%3D10131015-9cbac391-3611-4f50-9bfd-d24ae41c97c1%26entityType%3Dcollection%26workspaceId%3D2b7498b6-6d91-4fa8-817f-608441fe42a8,discovered by atlas harvester,astronomy_api,0.75,1.19,apis,Web Tools,API,raw markdown: https://raw.githubusercontent.com/public-apis/public-apis/master/README.md,,51,candidate
"<img src=""https://run.pstmn.io/button.svg"" alt=""Run In Postman"" style=""width: 128px; height: 32px;"">",https://god.gw.postman.com/run-collection/10131015-276c4312-f682-425d-b6b1-0f82c0a7f2b3?action=collection%2Ffork&source=rip_markdown&collection-url=entityId%3D10131015-276c4312-f682-425d-b6b1-0f82c0a7f2b3%26entityType%3Dcollection%26workspaceId%3D2b7498b6-6d91-4fa8-817f-608441fe42a8,discovered by atlas harvester,astronomy_api,0.75,1.19,apis,Web Tools,API,raw markdown: https://raw.githubusercontent.com/public-apis/public-apis/master/README.md,,51,candidate
"<img src=""https://run.pstmn.io/button.svg"" alt=""Run In Postman"" style=""width: 128px; height: 32px;"">",https://god.gw.postman.com/run-collection/10131015-0760d25e-b802-412e-b0e4-26e5ca3b9ffa?action=collection%2Ffork&source=rip_markdown&collection-url=entityId%3D10131015-0760d25e-b802-412e-b0e4-26e5ca3b9ffa%26entityType%3Dcollection%26workspaceId%3D2b7498b6-6d91-4fa8-817f-608441fe42a8,discovered by atlas harvester,astronomy_api,0.75,1.19,apis,Web Tools,API,raw markdown: https://raw.githubusercontent.com/public-apis/public-apis/master/README.md,,51,candidate
"<img src=""https://run.pstmn.io/button.svg"" alt=""Run In Postman"" style=""width: 128px; height: 32px;"">",https://god.gw.postman.com/run-collection/10131015-0d9c66b3-5f1a-42ed-a5ca-379217bd629d?action=collection%2Ffork&source=rip_markdown&collection-url=entityId%3D10131015-0d9c66b3-5f1a-42ed-a5ca-379217bd629d%26entityType%3Dcollection%26workspaceId%3D2b7498b6-6d91-4fa8-817f-608441fe42a8,discovered by atlas harvester,astronomy_api,0.75,1.19,apis,Web Tools,API,raw markdown: https://raw.githubusercontent.com/public-apis/public-apis/master/README.md,,51,candidate
Final Space,https://finalspaceapi.com/docs/,discovered by atlas harvester,astronomy_api,0.75,1.19,apis,Web Tools,API,raw markdown: https://raw.githubusercontent.com/public-apis/public-apis/master/README.md,,51,candidate
Hashable,https://hashable.space/pages/api/,discovered by atlas harvester,astronomy_api,0.75,1.19,apis,Web Tools,API,raw markdown: https://raw.githubusercontent.com/public-apis/public-apis/master/README.md,,51,candidate
Launch Library 2,https://thespacedevs.com/llapi,discovered by atlas harvester,astronomy_api,0.75,1.19,apis,Archives,Library,raw markdown: https://raw.githubusercontent.com/public-apis/public-apis/master/README.md,library,54,candidate
Mempool,https://mempool.space/api,discovered by atlas harvester,astronomy_api,0.75,1.19,apis,Web Tools,API,raw markdown: https://raw.githubusercontent.com/public-apis/public-apis/master/README.md,,51,candidate
Postman,https://www.postman.com/postman/workspace/postman-public-workspace/documentation/12959542-c8142d51-e97c-46b6-bd77-52bb66712c9a,discovered by atlas harvester,astronomy_api,0.75,1.19,apis,Web Tools,API,raw markdown: https://raw.githubusercontent.com/public-apis/public-apis/master/README.md,,51,candidate
Spaceflight News,https://spaceflightnewsapi.net,discovered by atlas harvester,astronomy_api,0.75,1.19,apis,Web Tools,API,raw markdown: https://raw.githubusercontent.com/public-apis/public-apis/master/README.md,,51,candidate
SpaceX,https://api.spacex.land/graphql/,discovered by atlas harvester,astronomy_api,0.75,1.19,apis,Web Tools,API,raw markdown: https://raw.githubusercontent.com/public-apis/public-apis/master/README.md,,51,candidate
IP Geolocation API DB-IP,https://db-ip.com,discovered by atlas harvester,geospatial_api,0.77,1.18,apis,Security,OSINT,raw markdown: https://raw.githubusercontent.com/jivoi/awesome-osint/master/README.md,"api,awesome_list",66,candidate
GeoApi,https://api.gouv.fr/api/geoapi.html,discovered by atlas harvester,geospatial_api,0.76,1.17,apis,Web Tools,API,raw markdown: https://raw.githubusercontent.com/public-apis/public-apis/master/README.md,api,56,candidate
Geoapify,https://www.geoapify.com/api/geocoding-api/,discovered by atlas harvester,geospatial_api,0.76,1.17,apis,Web Tools,API,raw markdown: https://raw.githubusercontent.com/public-apis/public-apis/master/README.md,api,56,candidate
GeoJSON,https://datahub.io/collections/geojson,discovered by atlas harvester,geospatial_api,0.76,1.17,apis,Datasets,Data,raw markdown: https://raw.githubusercontent.com/datasets/awesome-data/master/README.md,awesome_list,64,candidate
BigDataCloud,https://www.bigdatacloud.com/ip-geolocation-apis,discovered by atlas harvester,geospatial_api,0.75,1.16,apis,Datasets,API,raw markdown: https://raw.githubusercontent.com/public-apis/public-apis/master/README.md,data,51,candidate
Covid-19 Datenhub,https://npgeo-corona-npgeo-de.hub.arcgis.com,discovered by atlas harvester,geospatial_api,0.75,1.16,apis,Web Tools,API,raw markdown: https://raw.githubusercontent.com/public-apis/public-apis/master/README.md,,51,candidate
Dungeons and Dragons,https://www.dnd5eapi.co/docs/,discovered by atlas harvester,geospatial_api,0.75,1.16,apis,Web Tools,API,raw markdown: https://raw.githubusercontent.com/public-apis/public-apis/master/README.md,,51,candidate
Dungeons and Dragons (Alternate),https://open5e.com/,discovered by atlas harvester,geospatial_api,0.75,1.16,apis,Web Tools,API,raw markdown: https://raw.githubusercontent.com/public-apis/public-apis/master/README.md,,51,candidate
French Address Search,https://geo.api.gouv.fr/adresse,discovered by atlas harvester,geospatial_api,0.75,1.16,apis,Web Tools,API,raw markdown: https://raw.githubusercontent.com/public-apis/public-apis/master/README.md,,51,candidate
Geocod.io,https://www.geocod.io/,discovered by atlas harvester,geospatial_api,0.75,1.16,apis,Web Tools,API,raw markdown: https://raw.githubusercontent.com/public-apis/public-apis/master/README.md,,51,candidate
Geocode.xyz,https://geocode.xyz/api,discovered by atlas harvester,geospatial_api,0.75,1.16,apis,Web Tools,API,raw markdown: https://raw.githubusercontent.com/public-apis/public-apis/master/README.md,,51,candidate
Geocodify.com,https://geocodify.com/,discovered by atlas harvester,geospatial_api,0.75,1.16,apis,Web Tools,API,raw markdown: https://raw.githubusercontent.com/public-apis/public-apis/master/README.md,,51,candidate
Geodata.gov.gr,https://geodata.gov.gr/en/,discovered by atlas harvester,geospatial_api,0.75,1.16,apis,Datasets,API,raw markdown: https://raw.githubusercontent.com/public-apis/public-apis/master/README.md,data,51,candidate
GeoDataSource,https://www.geodatasource.com/web-service,discovered by atlas harvester,geospatial_api,0.75,1.16,apis,Datasets,API,raw markdown: https://raw.githubusercontent.com/public-apis/public-apis/master/README.md,data,51,candidate
GeographQL,https://geographql.netlify.app,discovered by atlas harvester,geospatial_api,0.75,1.16,apis,Web Tools,API,raw markdown: https://raw.githubusercontent.com/public-apis/public-apis/master/README.md,,51,candidate
GeoJS,https://www.geojs.io/,discovered by atlas harvester,geospatial_api,0.75,1.16,apis,Web Tools,API,raw markdown: https://raw.githubusercontent.com/public-apis/public-apis/master/README.md,,51,candidate
Geokeo,https://geokeo.com,discovered by atlas harvester,geospatial_api,0.75,1.16,apis,Web Tools,API,raw markdown: https://raw.githubusercontent.com/public-apis/public-apis/master/README.md,,51,candidate
geoPlugin,https://www.geoplugin.com,discovered by atlas harvester,geospatial_api,0.75,1.16,apis,Web Tools,API,raw markdown: https://raw.githubusercontent.com/public-apis/public-apis/master/README.md,,51,candidate
Hong Kong GeoData Store,https://geodata.gov.hk/gs/,discovered by atlas harvester,geospatial_api,0.75,1.16,apis,Datasets,API,raw markdown: https://raw.githubusercontent.com/public-apis/public-apis/master/README.md,data,51,candidate
IP Geolocation,https://www.abstractapi.com/ip-geolocation-api,discovered by atlas harvester,geospatial_api,0.75,1.16,apis,Web Tools,API,raw markdown: https://raw.githubusercontent.com/public-apis/public-apis/master/README.md,,51,candidate
IPGEO,https://api.techniknews.net/ipgeo/,discovered by atlas harvester,geospatial_api,0.75,1.16,apis,Web Tools,API,raw markdown: https://raw.githubusercontent.com/public-apis/public-apis/master/README.md,,51,candidate
ipgeolocation,https://ipgeolocation.io/,discovered by atlas harvester,geospatial_api,0.75,1.16,apis,Web Tools,API,raw markdown: https://raw.githubusercontent.com/public-apis/public-apis/master/README.md,,51,candidate
keycdn IP Location Finder,https://tools.keycdn.com/geo,discovered by atlas harvester,geospatial_api,0.75,1.16,apis,Web Tools,API,raw markdown: https://raw.githubusercontent.com/public-apis/public-apis/master/README.md,,51,candidate
Yandex.Maps Geocoder,https://yandex.com/dev/maps/geocoder,discovered by atlas harvester,geospatial_api,0.75,1.16,apis,Web Tools,API,raw markdown: https://raw.githubusercontent.com/public-apis/public-apis/master/README.md,,51,candidate
NASA,https://api.nasa.gov,discovered by atlas harvester,api,0.7,1.14,apis,Web Tools,API,raw markdown: https://raw.githubusercontent.com/public-apis/public-apis/master/README.md,,51,candidate
Open Topo Data,https://www.opentopodata.org,discovered by atlas harvester,api,0.7,1.07,apis,Datasets,API,raw markdown: https://raw.githubusercontent.com/public-apis/public-apis/master/README.md,data,51,candidate
BRouter,https://f-droid.org/packages/btools.routingapp/,Get elevation-aware cycling directions,geospatial_api,0.35,0.88,apis,Android,Apps,fdroid catalog,"fdroid,fdroid_catalog,android",100,candidate
Acclorite/book-story,https://github.com/Acclorite/book-story,"Book's Story — Material You eBook reader built with Jetpack Compose. Free & Open source & Ad-free, with extensive customization options and support for multiple file formats.",api,0.6,0.79,apis,Android,Apps,github api: fdroid android app,"github,github_api,android,app,application,book-reader,epub,epub-reader,fb2,fb2-reader",98,candidate
BlackyHawky/Clock,https://github.com/BlackyHawky/Clock,"Customizable, privacy‑first, open-source clock app inspired by AOSP Clock",api,0.6,0.79,apis,Android,Apps,github api: fdroid android app,"github,github_api,alarm,analog-clock,android,android15,aosp-clock,clock,clock-java,clockwidget",98,candidate
caydey/ffshare,https://github.com/caydey/ffshare,"An android app to compress image, video and audio files through ffmpeg before sharing them",api,0.6,0.79,apis,Android,Apps,github api: fdroid android app,"github,github_api,android,android-app,fdroid,ffmpeg,ffmpeg-kit,kotlin",100,candidate
CelaDaniel/free-ai-resources-x,https://github.com/CelaDaniel/free-ai-resources-x,"🌟 A curated collection of free, high quality AI tools 🤖, APIs 🔗, datasets 📊, and learning resources 📚 covering machine learning 🧠, deep learning 🧩, generative AI 🎨, NLP 💬, and data science 📈. Designed to help developers 👩‍💻, researchers 🔬, ",api,0.6,0.79,apis,AI,API,github api: free developer tools,"github,ai,github_api,ai-agents,ai-courses,ai-ethics,ai-tools,artificial-intelligence,awesome,awesome-list",100,candidate
cocos/awesome-cocos,https://github.com/cocos/awesome-cocos,"⚡️ Delightful Cocos Creator show cases, utilities, documents and more!",api,0.6,0.79,apis,Web Tools,API,github api: awesome utility,"github,awesome_list,github_api",98,candidate
CodeWorksCreativeHub/mLauncher,https://github.com/CodeWorksCreativeHub/mLauncher,Minimal Launcher app for Android. Customized olauncher as I just started learning kotlin .,api,0.6,0.79,apis,Android,Apps,github api: fdroid android app,"github,github_api,ad-free,android,fdroid,fork,free,gplv3,gplv3-licensing,icons",100,candidate
DavidBerdik/Let-Me-Downgrade,https://github.com/DavidBerdik/Let-Me-Downgrade,Let Me Downgrade - Add support for downgrading apps on Android 12 through 15 QPR1.,api,0.6,0.79,apis,Android,Apps,github api: fdroid android app,"github,github_api,f-droid,fdroid",98,candidate
doen1el/calibre-web-companion,https://github.com/doen1el/calibre-web-companion,Unofficial companion app for calibre web (automated),api,0.6,0.79,apis,Android,Apps,github api: fdroid android app,"github,github_api,android,calibre-web,dart,ebooks,fdroid,flutter",100,candidate
forzzzzz/Calculator-You,https://github.com/forzzzzz/Calculator-You,Calculator You is a beautiful calculator for solving simple tasks,api,0.6,0.79,apis,Android,Apps,github api: fdroid android app,"github,github_api,android,android-app,android-application,app,application,calculator,calculator-android,calculator-app",98,candidate
jettbrains/-L-,https://github.com/jettbrains/-L-,"W3C Strategic Highlights  September 2019  This report was prepared for the September 2019 W3C Advisory Committee Meeting (W3C Member link). See the accompanying W3C Fact Sheet — September 2019. For the previous edition, see the April 2019 W",api,0.6,0.79,apis,AI,API,github api: free developer tools,"github,ai,github_api",100,candidate
jpdoshi/dragon-store,https://github.com/jpdoshi/dragon-store,"Dragon Store is your gateway to transparent, libre and free open-source apps.",api,0.6,0.79,apis,Android,Apps,github api: fdroid android app,"github,github_api,android,apk,app-store,downloader,fdroid,foss,free",100,candidate
koyu.space,https://f-droid.org/packages/com.Sommerlichter.social/,Stay connected with the fediverse,astronomy_api,0.35,0.79,apis,Android,Apps,fdroid catalog,"fdroid,fdroid_catalog,android",100,candidate
KRTirtho/spotube,https://github.com/KRTirtho/spotube,🎧 Open source music streaming app! Available for both desktop & mobile!,api,0.6,0.79,apis,Android,Apps,github api: fdroid android app,"github,github_api,android,android-client,android-music-player,desktop-client,fdroid,flutter,flutter-desktop,linux",100,candidate
LibChecker/LibChecker,https://github.com/LibChecker/LibChecker,An app to view libraries used in apps in your device.,api,0.6,0.79,apis,Android,Apps,github api: fdroid android app,"github,github_api,android,f-droid,fdroid,kotlin",100,candidate
mudkipme/MoeMemosAndroid,https://github.com/mudkipme/MoeMemosAndroid,An app to help you capture thoughts and ideas,api,0.6,0.79,apis,Android,Apps,github api: fdroid android app,"github,android,github_api,android-application,f-droid,fdroid,jetpack-compose,kotlin-android,memo,note-taking,self-hosted",100,candidate
plainhub/plain-app,https://github.com/plainhub/plain-app,"PlainApp is an open-source app that lets you securely manage your phone from a web browser. Access files, media, contacts, SMS, calls, and more through a simple, easy-to-use interface on your desktop.",api,0.6,0.79,apis,AI,Apps,github api: fdroid android app,"github,ai,github_api,android,android-app,compose,compose-ui,f-droid,fdroid,filemanager,graphql",100,candidate
Pool-Of-Tears/GreenStash,https://github.com/Pool-Of-Tears/GreenStash,Simple FOSS android app to help you plan and manage your savings goals easily and establish the habit of saving money.,api,0.6,0.79,apis,Android,Apps,github api: fdroid android app,"github,github_api,android,android-app,dagger-hilt,fdroid,finance,finance-management,kotlin,kotlin-android",100,candidate
Pool-Of-Tears/Myne,https://github.com/Pool-Of-Tears/Myne,"An android app to download & read ebooks from Project Gutenberg, built with  Jetpack Compose.",api,0.6,0.79,apis,Android,Apps,github api: fdroid android app,"github,github_api,android,android-app,books,ebook-downloader,ebook-reader,epub-reader,fdroid,gutenberg-ebooks",100,candidate
StellarSand/IYPS,https://github.com/StellarSand/IYPS,"A password strength app that evaluates and rates your password's robustness, estimates crack time, and provides helpful warnings and suggestions for stronger passwords.",api,0.6,0.79,apis,Android,Apps,github api: fdroid android app,"github,github_api,android,android-app,android-application,f-droid,fdroid,kotlin,kotlin-android,material-design",100,candidate
TailAdmin/free-nextjs-admin-dashboard,https://github.com/TailAdmin/free-nextjs-admin-dashboard,"TailAdmin is a Next.js and Tailwind CSS free, open-source admin dashboard template. Provides developers with the necessary tools, components, pages to build a full-featured back-end, dashboard, or admin panel for any web project.",api,0.6,0.79,apis,AI,API,github api: free developer tools,"github,ai,github_api,admin,admin-dashboard,admin-template,backend,charts,components,dashboard,dashboard-templates",100,candidate
techlore/Plexus-app,https://github.com/techlore/Plexus-app,Remove the fear of Android app compatibility on de-Googled devices.,api,0.6,0.79,apis,Android,Apps,github api: fdroid android app,"github,github_api,android,android-app,applications,calyxos,degoogle,f-droid,fdroid,foss",100,candidate
TrianguloY/URLCheck,https://github.com/TrianguloY/URLCheck,Android app by TrianguloY: URLCheck,api,0.6,0.79,apis,Android,Apps,github api: fdroid android app,"github,github_api,android-application,fdroid,open-source,play-store,url-check",98,candidate
userkilled/FDroid-List-Repository,https://github.com/userkilled/FDroid-List-Repository,List Know Repositories for FDroid (F-Droid),api,0.6,0.79,apis,Android,Apps,github api: fdroid android app,"github,fdroid,github_api,android,app,applications,f-droid,f-droidrepos,fdroid-repos,free",100,candidate
VishnuSanal/WhatsAppCleaner,https://github.com/VishnuSanal/WhatsAppCleaner,Cleaner for WhatsApp - Clean WhatsApp's Redundant Media Files from Storage,api,0.6,0.79,apis,Android,Apps,github api: fdroid android app,"github,github_api,android,cleaner,f-droid,fdroid,jetpack-compose,mvvm,storage,whatsapp",100,candidate
w2sv/WiFi-Widget,https://github.com/w2sv/WiFi-Widget,Android app providing a fully configurable widget for the monitoring of your WiFi connection details.,api,0.6,0.79,apis,Android,Apps,github api: fdroid android app,"github,github_api,android,android-application,connectivity,devops,fdroid,foss,homescreen-widget,jetpack-compose",100,candidate
wbkd/awesome-d3,https://github.com/wbkd/awesome-d3,"A list of D3 libraries, plugins and utilities",api,0.6,0.79,apis,Web Tools,API,github api: awesome utility,"github,awesome_list,github_api,charts,d3js,datavisualization,javascript,maps",98,candidate
Yet-Zio/yetCalc,https://github.com/Yet-Zio/yetCalc,Yet another calculator designed and developed for Android,api,0.6,0.79,apis,Android,Apps,github api: fdroid android app,"github,github_api,android,androidapp,app,calculations,calculator,darkmode,fdroid,features",100,candidate
255kb/stack-on-a-budget,https://github.com/255kb/stack-on-a-budget,"A collection of services with great free tiers for developers on a budget. Sponsored by Mockoon, the best mock API tool. https://mockoon.com",api,0.59,0.78,apis,Web Tools,API,github api: free developer tools,"github,github_api,free,list,paas,saas",90,candidate
akashblackhat/2008-Fbcloner.PY,https://github.com/akashblackhat/2008-Fbcloner.PY,THIS IS A FACEBOOK CLONING TOOL > no need cookies and token (free fb id clone tool) im a hacking tools developer,api,0.59,0.78,apis,Web Tools,API,github api: free developer tools,"github,github_api,2008-id-clone,facebook-cloning,fb,fb-clone,fb-cloner-tool,fb-hack,fb-hacking,fb-id-clone",90,candidate
bancolombia/dart-code-linter,https://github.com/bancolombia/dart-code-linter,Dart Code Linter is a software analytics tool that helps developers analyse and improve software quality. Dart Code Linter is based on a fork of Dart Code Metrics.  We welcome contributions from other developers. Please feel free to submit ,api,0.59,0.78,apis,Web Tools,API,github api: free developer tools,"github,github_api,analytics,dart,flutter,linter",90,candidate
data_hacking,https://github.com/ClickSecurity/data_hacking,discovered by atlas harvester,api,0.59,0.78,apis,Datasets,harvested,raw markdown: https://raw.githubusercontent.com/sbilly/awesome-security/master/README.md,"github,data,awesome_list",90,candidate
dronahq/self-hosted,https://github.com/dronahq/self-hosted,"DronaHQ offers a low-code platform to build internal tools. Drag-and-drop UI components and connect them to your databases and APIs to build your own tools, rapidly. Connects with Postgres, REST APIs, Firebase, Google Sheets, and 3rd party ",api,0.59,0.78,apis,Web Tools,API,github api: free developer tools,"github,github_api",90,candidate
fusonic/chive,https://github.com/fusonic/chive,"Chive is a free, open source, web-based database management tool, designed to bring joy to web developers - with easy administration and super fast UI.",api,0.59,0.78,apis,Web Tools,API,github api: free developer tools,"github,github_api",90,candidate
jackrobertscott/forge-181201,https://github.com/jackrobertscott/forge-181201,🏹 Free and open source developer tool.,api,0.59,0.78,apis,Web Tools,API,github api: free developer tools,"github,github_api,electron,graphql,mongodb,nodejs,react,typescript",90,candidate
jakubtomsu/odin-steamworks,https://github.com/jakubtomsu/odin-steamworks,Odin bindings Steamworks API. Steamworks is a free suite of tools available to any developer to use in their game or software on Steam.,api,0.59,0.78,apis,Web Tools,API,github api: free developer tools,"github,github_api,game-development,gamedev,odin-lang,odin-lib,steam,steam-api",90,candidate
jgravelle/Groqqle,https://github.com/jgravelle/Groqqle,"Groqqle is a powerful web search and content summarization tool built with Python, leveraging Groq's LLM API for advanced natural language processing. It offers customizable web and news searches, image analysis, and adaptive content summar",api,0.59,0.78,apis,Web Tools,API,github api: free developer tools,"github,github_api,free,free-web-search,free-web-search-api,google,groq-api,nlp,web-search-api",90,candidate
KushalVijay/Full-Stack-Developer-Roadmap-2025,https://github.com/KushalVijay/Full-Stack-Developer-Roadmap-2025,Complete Full Stack Developer Roadmap for 2025 with free resources and tools,api,0.59,0.78,apis,Web Tools,API,github api: free developer tools,"github,github_api",90,candidate
Masudbro94/python-hacked-mobile-phone-,https://github.com/Masudbro94/python-hacked-mobile-phone-,"Open in app Get started   ITNEXT Published in ITNEXT  You have 2 free member-only stories left this month. Sign up for Medium and get an extra one  Kush Kush Follow Apr 15, 2021  · 7 min read ·  Listen   Save      How you can Control your A",api,0.59,0.78,apis,Web Tools,API,github api: free developer tools,"github,github_api",90,candidate
maticarmy/free_cursor_pro,https://github.com/maticarmy/free_cursor_pro,🚀 Free Cursor Pro Daily Access Tool | 每日Cursor专业版免费助手 cursor cursor-pro free-tools ai-coding-assistant developer-tools programming-helper,api,0.59,0.78,apis,Web Tools,API,github api: free developer tools,"github,github_api",90,candidate
mattmajestic/free-tier-dev,https://github.com/mattmajestic/free-tier-dev,List of Developer tools in a Free Tier  💵,api,0.59,0.78,apis,Web Tools,API,github api: free developer tools,"github,github_api,docker,free-tier-offers,jekyll,redis,supabase-auth",90,candidate
Metasploit Framework,https://github.com/rapid7/metasploit-framework,discovered by atlas harvester,api,0.59,0.78,apis,Security,API,raw markdown: https://raw.githubusercontent.com/sbilly/awesome-security/master/README.md,"github,awesome_list",92,candidate
OWASP ZAP Node API,https://github.com/zaproxy/zap-api-nodejs,discovered by atlas harvester,api,0.59,0.78,apis,Security,API,raw markdown: https://raw.githubusercontent.com/sbilly/awesome-security/master/README.md,"github,api,awesome_list",92,candidate
podman-desktop/podman-desktop,https://github.com/podman-desktop/podman-desktop,"Podman Desktop is the best free and open source tool to work with Containers and Kubernetes for developers. Get an intuitive and user-friendly interface to effortlessly build, manage, and deploy containers and Kubernetes — all from your des",api,0.59,0.78,apis,Web Tools,API,github api: free developer tools,"github,github_api,container,containers,desktop,docker,hacktoberfest,kubernetes,podman,podman-desktop",90,candidate
ruhhhi27/Backpack-Exchange,https://github.com/ruhhhi27/Backpack-Exchange,Backpack-Exchange Backpack-trading Backpack-decentralized Backpack-Testnet Backpack-free-download Backpack-setup-2024 Backpack-install Backpack-platform Backpack-tools Backpack-crypto Backpack-for-developers Backpack-blockchain Backpack-tra,api,0.59,0.78,apis,Web Tools,API,github api: free developer tools,"github,github_api,backpack-blockchain,backpack-crypto,backpack-crypto-trading,backpack-decentralized,backpack-exchange,backpack-for-developers,backpack-free-download,backpack-install",90,candidate
rupali-codes/LinksHub,https://github.com/rupali-codes/LinksHub,"LinksHub aims to provide developers with access to a wide range of free resources and tools that they can use in their work. These resources include links to free software, libraries, frameworks, and other tools that can be used to build an",api,0.59,0.78,apis,Web Tools,API,github api: free developer tools,"github,github_api,beginner-friendly,developers,hacktoberfest,hacktoberfest-accepted,nextjs,open-source,resources,tailwindcss",90,candidate
Sfedfcv/redesigned-pancake,https://github.com/Sfedfcv/redesigned-pancake,"Skip to content github / docs Code Issues 80 Pull requests 35 Discussions Actions Projects 2 Security Insights Merge branch 'main' into 1862-Add-Travis-CI-migration-table  1862-Add-Travis-CI-migration-table (#1869, Iixixi/ZachryTylerWood#10",api,0.59,0.78,apis,Web Tools,API,github api: free developer tools,"github,github_api",90,candidate
swati1024/torrents,https://github.com/swati1024/torrents,"Skip to content   Search… All gists Back to GitHub Sign in Sign up Instantly share code, notes, and snippets.  @giansalex giansalex/torrent-courses-download-list.md forked from M-Younus/torrent courses download-list Last active 2 days ago 1",api,0.59,0.78,apis,Web Tools,API,github api: free developer tools,"github,github_api",90,candidate
4chan,https://github.com/4chan/4chan-API,discovered by atlas harvester,api,0.58,0.77,apis,Web Tools,API,raw markdown: https://raw.githubusercontent.com/public-apis/public-apis/master/README.md,github,82,candidate
administrative-divisons-db,https://github.com/kamikazechaser/administrative-divisions-db,discovered by atlas harvester,api,0.58,0.77,apis,Web Tools,API,raw markdown: https://raw.githubusercontent.com/public-apis/public-apis/master/README.md,github,82,candidate
AniList,https://github.com/AniList/ApiV2-GraphQL-Docs,discovered by atlas harvester,api,0.58,0.77,apis,Web Tools,API,raw markdown: https://raw.githubusercontent.com/public-apis/public-apis/master/README.md,github,82,candidate
AnimeChan,https://github.com/RocktimSaikia/anime-chan,discovered by atlas harvester,api,0.58,0.77,apis,AI,API,raw markdown: https://raw.githubusercontent.com/public-apis/public-apis/master/README.md,github,84,candidate
API for this project,https://github.com/davemachado/public-api,discovered by atlas harvester,api,0.58,0.77,apis,Web Tools,API,raw markdown: https://raw.githubusercontent.com/public-apis/public-apis/master/README.md,"github,api",82,candidate
Application Environment Verification,https://github.com/fingerprintjs/aev,discovered by atlas harvester,api,0.58,0.77,apis,Web Tools,API,raw markdown: https://raw.githubusercontent.com/public-apis/public-apis/master/README.md,github,82,candidate
Autochess VNG,https://github.com/didadadida93/autochess-vng-api,discovered by atlas harvester,api,0.58,0.77,apis,Web Tools,API,raw markdown: https://raw.githubusercontent.com/public-apis/public-apis/master/README.md,github,82,candidate
Barter.VG,https://github.com/bartervg/barter.vg/wiki,discovered by atlas harvester,api,0.58,0.77,apis,Web Tools,API,raw markdown: https://raw.githubusercontent.com/public-apis/public-apis/master/README.md,github,82,candidate
Binance,https://github.com/binance/binance-spot-api-docs,discovered by atlas harvester,api,0.58,0.77,apis,Web Tools,API,raw markdown: https://raw.githubusercontent.com/public-apis/public-apis/master/README.md,github,82,candidate
Botd,https://github.com/fingerprintjs/botd,discovered by atlas harvester,api,0.58,0.77,apis,Web Tools,API,raw markdown: https://raw.githubusercontent.com/public-apis/public-apis/master/README.md,github,82,candidate
Breaking Bad Quotes,https://github.com/shevabam/breaking-bad-quotes,discovered by atlas harvester,api,0.58,0.77,apis,Web Tools,API,raw markdown: https://raw.githubusercontent.com/public-apis/public-apis/master/README.md,github,82,candidate
Cartes.io,https://github.com/M-Media-Group/Cartes.io/wiki/API,discovered by atlas harvester,api,0.58,0.77,apis,Web Tools,API,raw markdown: https://raw.githubusercontent.com/public-apis/public-apis/master/README.md,github,82,candidate
Ciprand,https://github.com/polarspetroll/ciprand,discovered by atlas harvester,api,0.58,0.77,apis,Web Tools,API,raw markdown: https://raw.githubusercontent.com/public-apis/public-apis/master/README.md,github,82,candidate
Cloudflare Trace,https://github.com/fawazahmed0/cloudflare-trace-api,discovered by atlas harvester,api,0.58,0.77,apis,Web Tools,API,raw markdown: https://raw.githubusercontent.com/public-apis/public-apis/master/README.md,github,82,candidate
Codex,https://github.com/Jaagrav/CodeX,discovered by atlas harvester,api,0.58,0.77,apis,Web Tools,API,raw markdown: https://raw.githubusercontent.com/public-apis/public-apis/master/README.md,github,82,candidate
Community Transit,https://github.com/transitland/transitland-datastore/blob/master/README.md#api-endpoints,discovered by atlas harvester,api,0.58,0.77,apis,Datasets,API,raw markdown: https://raw.githubusercontent.com/public-apis/public-apis/master/README.md,github,82,candidate
Corporate Buzz Words,https://github.com/sameerkumar18/corporate-bs-generator-api,discovered by atlas harvester,api,0.58,0.77,apis,Web Tools,API,raw markdown: https://raw.githubusercontent.com/public-apis/public-apis/master/README.md,github,82,candidate
CORS Proxy,https://github.com/burhanuday/cors-proxy,discovered by atlas harvester,api,0.58,0.77,apis,Web Tools,API,raw markdown: https://raw.githubusercontent.com/public-apis/public-apis/master/README.md,github,82,candidate
Covid-19,https://github.com/M-Media-Group/Covid-19-API,discovered by atlas harvester,api,0.58,0.77,apis,Web Tools,API,raw markdown: https://raw.githubusercontent.com/public-apis/public-apis/master/README.md,github,82,candidate
Covid-19 Live Data,https://github.com/mathdroid/covid-19-api,discovered by atlas harvester,api,0.58,0.77,apis,Datasets,API,raw markdown: https://raw.githubusercontent.com/public-apis/public-apis/master/README.md,"github,data",82,candidate
Covid-19 Philippines,https://github.com/Simperfy/Covid-19-API-Philippines-DOH,discovered by atlas harvester,api,0.58,0.77,apis,Web Tools,API,raw markdown: https://raw.githubusercontent.com/public-apis/public-apis/master/README.md,github,82,candidate
Crossref Metadata Search,https://github.com/CrossRef/rest-api-doc,discovered by atlas harvester,api,0.58,0.77,apis,Datasets,API,raw markdown: https://raw.githubusercontent.com/public-apis/public-apis/master/README.md,"github,data",82,candidate
Currency-api,https://github.com/fawazahmed0/currency-api#readme,discovered by atlas harvester,api,0.58,0.77,apis,Web Tools,API,raw markdown: https://raw.githubusercontent.com/public-apis/public-apis/master/README.md,"github,api",82,candidate
Dehash.lt,https://github.com/Dehash-lt/api,discovered by atlas harvester,api,0.58,0.77,apis,Web Tools,API,raw markdown: https://raw.githubusercontent.com/public-apis/public-apis/master/README.md,github,82,candidate
Dictum,https://github.com/fisenkodv/dictum,discovered by atlas harvester,api,0.58,0.77,apis,Web Tools,API,raw markdown: https://raw.githubusercontent.com/public-apis/public-apis/master/README.md,github,82,candidate
Dune,https://github.com/ywalia01/dune-api,discovered by atlas harvester,api,0.58,0.77,apis,Web Tools,API,raw markdown: https://raw.githubusercontent.com/public-apis/public-apis/master/README.md,github,82,candidate
EmojiHub,https://github.com/cheatsnake/emojihub,discovered by atlas harvester,api,0.58,0.77,apis,Web Tools,API,raw markdown: https://raw.githubusercontent.com/public-apis/public-apis/master/README.md,github,82,candidate
Escape,https://github.com/polarspetroll/EscapeAPI,discovered by atlas harvester,api,0.58,0.77,apis,Web Tools,API,raw markdown: https://raw.githubusercontent.com/public-apis/public-apis/master/README.md,github,82,candidate
Ethplorer,https://github.com/EverexIO/Ethplorer/wiki/Ethplorer-API,discovered by atlas harvester,api,0.58,0.77,apis,Web Tools,API,raw markdown: https://raw.githubusercontent.com/public-apis/public-apis/master/README.md,github,82,candidate
Feedbin,https://github.com/feedbin/feedbin-api,discovered by atlas harvester,api,0.58,0.77,apis,Web Tools,API,raw markdown: https://raw.githubusercontent.com/public-apis/public-apis/master/README.md,github,82,candidate
Foodish,https://github.com/surhud004/Foodish#readme,discovered by atlas harvester,api,0.58,0.77,apis,Web Tools,API,raw markdown: https://raw.githubusercontent.com/public-apis/public-apis/master/README.md,github,82,candidate
Football Standings,https://github.com/azharimm/football-standings-api,discovered by atlas harvester,api,0.58,0.77,apis,Web Tools,API,raw markdown: https://raw.githubusercontent.com/public-apis/public-apis/master/README.md,github,82,candidate
Gaana,https://github.com/cyberboysumanjay/GaanaAPI,discovered by atlas harvester,api,0.58,0.77,apis,Web Tools,API,raw markdown: https://raw.githubusercontent.com/public-apis/public-apis/master/README.md,github,82,candidate
Geek-Jokes,https://github.com/sameerkumar18/geek-joke-api,discovered by atlas harvester,api,0.58,0.77,apis,Web Tools,API,raw markdown: https://raw.githubusercontent.com/public-apis/public-apis/master/README.md,github,82,candidate
GitHub,https://docs.github.com/en/free-pro-team@latest/rest,discovered by atlas harvester,api,0.58,0.77,apis,Web Tools,API,raw markdown: https://raw.githubusercontent.com/public-apis/public-apis/master/README.md,github,82,candidate
GitHub ReadMe Stats,https://github.com/anuraghazra/github-readme-stats,discovered by atlas harvester,api,0.58,0.77,apis,Web Tools,API,raw markdown: https://raw.githubusercontent.com/public-apis/public-apis/master/README.md,github,82,candidate
GoTiny,https://github.com/robvanbakel/gotiny-api,discovered by atlas harvester,api,0.58,0.77,apis,Web Tools,API,raw markdown: https://raw.githubusercontent.com/public-apis/public-apis/master/README.md,github,82,candidate
Graph Countries,https://github.com/lennertVanSever/graphcountries,discovered by atlas harvester,api,0.58,0.77,apis,Web Tools,API,raw markdown: https://raw.githubusercontent.com/public-apis/public-apis/master/README.md,github,82,candidate
GraphQL Pokemon,https://github.com/favware/graphql-pokemon,discovered by atlas harvester,api,0.58,0.77,apis,Web Tools,API,raw markdown: https://raw.githubusercontent.com/public-apis/public-apis/master/README.md,github,82,candidate
GurbaniNow,https://github.com/GurbaniNow/api,discovered by atlas harvester,api,0.58,0.77,apis,Web Tools,API,raw markdown: https://raw.githubusercontent.com/public-apis/public-apis/master/README.md,github,82,candidate
GW2Spidy,https://github.com/rubensayshi/gw2spidy/wiki,discovered by atlas harvester,api,0.58,0.77,apis,Web Tools,API,raw markdown: https://raw.githubusercontent.com/public-apis/public-apis/master/README.md,github,82,candidate
HackerNews,https://github.com/HackerNews/API,discovered by atlas harvester,api,0.58,0.77,apis,Web Tools,API,raw markdown: https://raw.githubusercontent.com/public-apis/public-apis/master/README.md,github,82,candidate
Harvard Art Museums,https://github.com/harvardartmuseums/api-docs,discovered by atlas harvester,api,0.58,0.77,apis,Web Tools,API,raw markdown: https://raw.githubusercontent.com/public-apis/public-apis/master/README.md,github,82,candidate
Hyrule Compendium,https://github.com/gadhagod/Hyrule-Compendium-API,discovered by atlas harvester,api,0.58,0.77,apis,Web Tools,API,raw markdown: https://raw.githubusercontent.com/public-apis/public-apis/master/README.md,github,82,candidate
iDigBio,https://github.com/idigbio/idigbio-search-api/wiki,discovered by atlas harvester,api,0.58,0.77,apis,Web Tools,API,raw markdown: https://raw.githubusercontent.com/public-apis/public-apis/master/README.md,github,82,candidate
IMDbOT,https://github.com/SpEcHiDe/IMDbOT,discovered by atlas harvester,api,0.58,0.77,apis,Web Tools,API,raw markdown: https://raw.githubusercontent.com/public-apis/public-apis/master/README.md,github,82,candidate
Indodax,https://github.com/btcid/indodax-official-api-docs,discovered by atlas harvester,api,0.58,0.77,apis,Web Tools,API,raw markdown: https://raw.githubusercontent.com/public-apis/public-apis/master/README.md,github,82,candidate
Inshorts News,https://github.com/cyberboysumanjay/Inshorts-News-API,discovered by atlas harvester,api,0.58,0.77,apis,Web Tools,API,raw markdown: https://raw.githubusercontent.com/public-apis/public-apis/master/README.md,github,82,candidate
inspirehep.net,https://github.com/inspirehep/rest-api-doc,discovered by atlas harvester,api,0.58,0.77,apis,Web Tools,API,raw markdown: https://raw.githubusercontent.com/public-apis/public-apis/master/README.md,github,82,candidate
Intelligence X,https://github.com/IntelligenceX/SDK/blob/master/Intelligence%20X%20API.pdf,discovered by atlas harvester,api,0.58,0.77,apis,Web Tools,PDF,raw markdown: https://raw.githubusercontent.com/public-apis/public-apis/master/README.md,github,82,candidate
Issues,https://github.com/public-apis/public-apis/issues,discovered by atlas harvester,api,0.58,0.77,apis,Web Tools,API,raw markdown: https://raw.githubusercontent.com/public-apis/public-apis/master/README.md,github,82,candidate
JioSaavn,https://github.com/cyberboysumanjay/JioSaavnAPI,discovered by atlas harvester,api,0.58,0.77,apis,Web Tools,API,raw markdown: https://raw.githubusercontent.com/public-apis/public-apis/master/README.md,github,82,candidate
jsDelivr,https://github.com/jsdelivr/data.jsdelivr.com,discovered by atlas harvester,api,0.58,0.77,apis,Datasets,API,raw markdown: https://raw.githubusercontent.com/public-apis/public-apis/master/README.md,github,82,candidate
Lanyard,https://github.com/Phineas/lanyard,discovered by atlas harvester,api,0.58,0.77,apis,Web Tools,API,raw markdown: https://raw.githubusercontent.com/public-apis/public-apis/master/README.md,github,82,candidate
Lowy Asia Power Index,https://github.com/0x0is1/lowy-index-api-docs,discovered by atlas harvester,api,0.58,0.77,apis,Web Tools,API,raw markdown: https://raw.githubusercontent.com/public-apis/public-apis/master/README.md,github,82,candidate
Lucifer Quotes,https://github.com/shadowoff09/lucifer-quotes,discovered by atlas harvester,api,0.58,0.77,apis,Web Tools,API,raw markdown: https://raw.githubusercontent.com/public-apis/public-apis/master/README.md,github,82,candidate
MCU Countdown,https://github.com/DiljotSG/MCU-Countdown,discovered by atlas harvester,api,0.58,0.77,apis,Web Tools,API,raw markdown: https://raw.githubusercontent.com/public-apis/public-apis/master/README.md,github,82,candidate
Medium,https://github.com/Medium/medium-api-docs,discovered by atlas harvester,api,0.58,0.77,apis,Web Tools,API,raw markdown: https://raw.githubusercontent.com/public-apis/public-apis/master/README.md,github,82,candidate
MeowFacts,https://github.com/wh-iterabb-it/meowfacts,discovered by atlas harvester,api,0.58,0.77,apis,Web Tools,API,raw markdown: https://raw.githubusercontent.com/public-apis/public-apis/master/README.md,github,82,candidate
Mexico,https://github.com/IcaliaLabs/sepomex,discovered by atlas harvester,api,0.58,0.77,apis,Web Tools,API,raw markdown: https://raw.githubusercontent.com/public-apis/public-apis/master/README.md,github,82,candidate
Movebank,https://github.com/movebank/movebank-api-doc,discovered by atlas harvester,api,0.58,0.77,apis,Web Tools,API,raw markdown: https://raw.githubusercontent.com/public-apis/public-apis/master/README.md,github,82,candidate
Movie Quote,https://github.com/F4R4N/movie-quote/,discovered by atlas harvester,api,0.58,0.77,apis,Web Tools,API,raw markdown: https://raw.githubusercontent.com/public-apis/public-apis/master/README.md,github,82,candidate
Mozilla http scanner,https://github.com/mozilla/http-observatory/blob/master/httpobs/docs/api.md,discovered by atlas harvester,api,0.58,0.77,apis,Web Tools,API,raw markdown: https://raw.githubusercontent.com/public-apis/public-apis/master/README.md,github,82,candidate
Mozilla tls scanner,https://github.com/mozilla/tls-observatory#api-endpoints,discovered by atlas harvester,api,0.58,0.77,apis,Web Tools,API,raw markdown: https://raw.githubusercontent.com/public-apis/public-apis/master/README.md,github,82,candidate
NaMoMemes,https://github.com/theIYD/NaMoMemes,discovered by atlas harvester,api,0.58,0.77,apis,Web Tools,API,raw markdown: https://raw.githubusercontent.com/public-apis/public-apis/master/README.md,github,82,candidate
Non-Working Days,https://github.com/gadael/icsdb,discovered by atlas harvester,api,0.58,0.77,apis,Web Tools,API,raw markdown: https://raw.githubusercontent.com/public-apis/public-apis/master/README.md,github,82,candidate
npm Registry,https://github.com/npm/registry/blob/master/docs/REGISTRY-API.md,discovered by atlas harvester,api,0.58,0.77,apis,Web Tools,API,raw markdown: https://raw.githubusercontent.com/public-apis/public-apis/master/README.md,github,82,candidate
Open Skills,https://github.com/workforce-data-initiative/skills-api/wiki/API-Overview,discovered by atlas harvester,api,0.58,0.77,apis,Datasets,API,raw markdown: https://raw.githubusercontent.com/public-apis/public-apis/master/README.md,github,82,candidate
Passwordinator,https://github.com/fawazsullia/password-generator/,discovered by atlas harvester,api,0.58,0.77,apis,Web Tools,API,raw markdown: https://raw.githubusercontent.com/public-apis/public-apis/master/README.md,github,82,candidate
Phone Specification,https://github.com/azharimm/phone-specs-api,discovered by atlas harvester,api,0.58,0.77,apis,Web Tools,API,raw markdown: https://raw.githubusercontent.com/public-apis/public-apis/master/README.md,github,82,candidate
PoetryDB,https://github.com/thundercomb/poetrydb#readme,discovered by atlas harvester,api,0.58,0.77,apis,Web Tools,API,raw markdown: https://raw.githubusercontent.com/public-apis/public-apis/master/README.md,github,82,candidate
PokéAPI (GraphQL),https://github.com/mazipan/graphql-pokeapi,discovered by atlas harvester,api,0.58,0.77,apis,Web Tools,API,raw markdown: https://raw.githubusercontent.com/public-apis/public-apis/master/README.md,"github,api",82,candidate
Programming Quotes,https://github.com/skolakoda/programming-quotes-api,discovered by atlas harvester,api,0.58,0.77,apis,Web Tools,API,raw markdown: https://raw.githubusercontent.com/public-apis/public-apis/master/README.md,github,82,candidate
Pull Requests,https://github.com/public-apis/public-apis/pulls,discovered by atlas harvester,api,0.58,0.77,apis,Web Tools,API,raw markdown: https://raw.githubusercontent.com/public-apis/public-apis/master/README.md,github,82,candidate
Puyo Nexus,https://github.com/deltadex7/puyodb-api-deno,discovered by atlas harvester,api,0.58,0.77,apis,Web Tools,API,raw markdown: https://raw.githubusercontent.com/public-apis/public-apis/master/README.md,github,82,candidate
Quotable Quotes,https://github.com/lukePeavey/quotable,discovered by atlas harvester,api,0.58,0.77,apis,Web Tools,API,raw markdown: https://raw.githubusercontent.com/public-apis/public-apis/master/README.md,github,82,candidate
Quran-api,https://github.com/fawazahmed0/quran-api#readme,discovered by atlas harvester,api,0.58,0.77,apis,Web Tools,API,raw markdown: https://raw.githubusercontent.com/public-apis/public-apis/master/README.md,"github,api",82,candidate
Readme typing SVG,https://github.com/DenverCoder1/readme-typing-svg,discovered by atlas harvester,api,0.58,0.77,apis,Web Tools,API,raw markdown: https://raw.githubusercontent.com/public-apis/public-apis/master/README.md,github,82,candidate
Real Time Finance,https://github.com/Real-time-finance/finance-websocket-API/,discovered by atlas harvester,api,0.58,0.77,apis,Web Tools,API,raw markdown: https://raw.githubusercontent.com/public-apis/public-apis/master/README.md,github,82,candidate
Remote Calc,https://github.com/elizabethadegbaju/remotecalc,discovered by atlas harvester,api,0.58,0.77,apis,Web Tools,API,raw markdown: https://raw.githubusercontent.com/public-apis/public-apis/master/README.md,github,82,candidate
Ron Swanson Quotes,https://github.com/jamesseanwright/ron-swanson-quotes#ron-swanson-quotes-api,discovered by atlas harvester,api,0.58,0.77,apis,Web Tools,API,raw markdown: https://raw.githubusercontent.com/public-apis/public-apis/master/README.md,github,82,candidate
Russian Calendar,https://github.com/egno/work-calendar,discovered by atlas harvester,api,0.58,0.77,apis,Web Tools,API,raw markdown: https://raw.githubusercontent.com/public-apis/public-apis/master/README.md,github,82,candidate
Sakura CardCaptor,https://github.com/JessVel/sakura-card-captor-api,discovered by atlas harvester,api,0.58,0.77,apis,Web Tools,API,raw markdown: https://raw.githubusercontent.com/public-apis/public-apis/master/README.md,github,82,candidate
Short Link,https://github.com/FayasNoushad/Short-Link-API,discovered by atlas harvester,api,0.58,0.77,apis,Web Tools,API,raw markdown: https://raw.githubusercontent.com/public-apis/public-apis/master/README.md,github,82,candidate
Sonar,https://github.com/Cgboal/SonarSearch,discovered by atlas harvester,api,0.58,0.77,apis,Web Tools,API,raw markdown: https://raw.githubusercontent.com/public-apis/public-apis/master/README.md,github,82,candidate
Steam,https://github.com/Revadike/InternalSteamWebAPI/wiki,discovered by atlas harvester,api,0.58,0.77,apis,Web Tools,API,raw markdown: https://raw.githubusercontent.com/public-apis/public-apis/master/README.md,github,82,candidate
Stoicism Quote,https://github.com/tlcheah2/stoic-quote-lambda-public-api,discovered by atlas harvester,api,0.58,0.77,apis,Web Tools,API,raw markdown: https://raw.githubusercontent.com/public-apis/public-apis/master/README.md,github,82,candidate
Stranger Things Quotes,https://github.com/shadowoff09/strangerthings-quotes,discovered by atlas harvester,api,0.58,0.77,apis,Web Tools,API,raw markdown: https://raw.githubusercontent.com/public-apis/public-apis/master/README.md,github,82,candidate
TacoFancy,https://github.com/evz/tacofancy-api,discovered by atlas harvester,api,0.58,0.77,apis,Web Tools,API,raw markdown: https://raw.githubusercontent.com/public-apis/public-apis/master/README.md,github,82,candidate
The Old Reader,https://github.com/theoldreader/api,discovered by atlas harvester,api,0.58,0.77,apis,Web Tools,API,raw markdown: https://raw.githubusercontent.com/public-apis/public-apis/master/README.md,github,82,candidate
The Report of the Week,https://github.com/andyklimczak/TheReportOfTheWeek-API,discovered by atlas harvester,api,0.58,0.77,apis,Web Tools,API,raw markdown: https://raw.githubusercontent.com/public-apis/public-apis/master/README.md,github,82,candidate
Times Adder,https://github.com/FranP-code/API-Times-Adder,discovered by atlas harvester,api,0.58,0.77,apis,Web Tools,API,raw markdown: https://raw.githubusercontent.com/public-apis/public-apis/master/README.md,github,82,candidate
"Transport for Berlin, Germany",https://github.com/derhuerst/vbb-rest/blob/3/docs/index.md,discovered by atlas harvester,api,0.58,0.77,apis,Web Tools,API,raw markdown: https://raw.githubusercontent.com/public-apis/public-apis/master/README.md,github,82,candidate
Transport for The Netherlands,https://github.com/skywave/KV78Turbo-OVAPI/wiki,discovered by atlas harvester,api,0.58,0.77,apis,Web Tools,API,raw markdown: https://raw.githubusercontent.com/public-apis/public-apis/master/README.md,github,82,candidate
Universities List,https://github.com/Hipo/university-domains-list,discovered by atlas harvester,api,0.58,0.77,apis,AI,API,raw markdown: https://raw.githubusercontent.com/public-apis/public-apis/master/README.md,github,84,candidate
Wandbox,https://github.com/melpon/wandbox/blob/master/kennel2/API.rst,discovered by atlas harvester,api,0.58,0.77,apis,Web Tools,API,raw markdown: https://raw.githubusercontent.com/public-apis/public-apis/master/README.md,github,82,candidate
Web Series Quotes Generator,https://github.com/yogeshwaran01/web-series-quotes,discovered by atlas harvester,api,0.58,0.77,apis,Web Tools,API,raw markdown: https://raw.githubusercontent.com/public-apis/public-apis/master/README.md,github,82,candidate
When is next MCU film,https://github.com/DiljotSG/MCU-Countdown/blob/develop/docs/API.md,discovered by atlas harvester,api,0.58,0.77,apis,Web Tools,API,raw markdown: https://raw.githubusercontent.com/public-apis/public-apis/master/README.md,github,82,candidate
Yo Momma Jokes,https://github.com/beanboi7/yomomma-apiv2,discovered by atlas harvester,api,0.58,0.77,apis,Web Tools,API,raw markdown: https://raw.githubusercontent.com/public-apis/public-apis/master/README.md,github,82,candidate
ArchivesSpace,https://archivesspace.org/,discovered by atlas harvester,astronomy_api,0.32,0.76,apis,Archives,Archive,raw markdown: https://raw.githubusercontent.com/awesome-selfhosted/awesome-selfhosted/master/README.md,"archive,awesome_list",68,candidate
Georgian for AnySoftKeyboard,https://f-droid.org/packages/com.anysoftkeyboard.languagepack.georgian/,AnySoftKeyboard Georgian Language pack,geospatial_api,0.35,0.76,apis,Android,Apps,fdroid catalog,"fdroid,fdroid_catalog,android",100,candidate
Spacebin,https://spaceb.in/,discovered by atlas harvester,astronomy_api,0.32,0.76,apis,Security,OSINT,raw markdown: https://raw.githubusercontent.com/jivoi/awesome-osint/master/README.md,awesome_list,66,candidate
The Knights of Alentejo,https://f-droid.org/packages/br.odb.knights/,Guide knights through a dungeon,geospatial_api,0.35,0.76,apis,Android,Apps,fdroid catalog,"fdroid,fdroid_catalog,android",100,candidate
Trace,https://trace.manus.space,discovered by atlas harvester,astronomy_api,0.32,0.76,apis,Security,OSINT,raw markdown: https://raw.githubusercontent.com/jivoi/awesome-osint/master/README.md,awesome_list,66,candidate
Demo,https://archivesspace.org/application/sandbox,discovered by atlas harvester,astronomy_api,0.31,0.75,apis,Archives,Archive,raw markdown: https://raw.githubusercontent.com/awesome-selfhosted/awesome-selfhosted/master/README.md,awesome_list,62,candidate
License-API,https://github.com/cmccandless/license-api/blob/master/README.md,discovered by atlas harvester,api,0.56,0.75,apis,Web Tools,API,raw markdown: https://raw.githubusercontent.com/public-apis/public-apis/master/README.md,"github,api",57,candidate
